"Status","Start Time","Stop Time","Duration in ms","Parent Suite","Suite","Sub Suite","Test Class","Test Method","Name","Description"
"passed","Wed Nov 02 20:50:16 CST 2022","Wed Nov 02 20:50:16 CST 2022","5","allure","test_add_param","TestAdd","","","P0 用例",""
"passed","Wed Nov 02 20:50:16 CST 2022","Wed Nov 02 20:50:16 CST 2022","2","allure","test_add_param","TestAdd","","","test_add_case12[exception]",""
"passed","Wed Nov 02 20:50:16 CST 2022","Wed Nov 02 20:50:16 CST 2022","4","allure","test_add_param","TestAdd","","","test_add_case8[1--99.01-参数大小超出范围]",""
"passed","Wed Nov 02 20:50:16 CST 2022","Wed Nov 02 20:50:16 CST 2022","3","allure","test_add_param","TestAdd","","","test_add_case8[99.01-0-参数大小超出范围]",""
"passed","Wed Nov 02 20:50:16 CST 2022","Wed Nov 02 20:50:16 CST 2022","4","allure","test_add_param","TestAdd","","","test_add_case8[-99.01--1-参数大小超出范围]",""
"passed","Wed Nov 02 20:50:16 CST 2022","Wed Nov 02 20:50:16 CST 2022","4","allure","test_add_param","TestAdd","","","P0 用例",""
"passed","Wed Nov 02 20:50:16 CST 2022","Wed Nov 02 20:50:16 CST 2022","8","allure","test_add_param","TestAdd","","","test_add_case8[2-99.01-参数大小超出范围]",""
"passed","Wed Nov 02 20:50:16 CST 2022","Wed Nov 02 20:50:16 CST 2022","8","allure","test_add_param","TestAdd","","","P0 用例",""
"passed","Wed Nov 02 20:50:16 CST 2022","Wed Nov 02 20:50:16 CST 2022","5","allure","test_add_param","TestAdd","","","P0 用例",""
"passed","Wed Nov 02 20:50:16 CST 2022","Wed Nov 02 20:50:16 CST 2022","4","allure","test_add_param","TestAdd","","","P0 用例",""
"passed","Wed Nov 02 20:50:16 CST 2022","Wed Nov 02 20:50:16 CST 2022","12","allure","test_add_param","TestAdd","","","P0 用例",""
